Source Page,Page Status,Link Text,Link Href,Link Status,Result
"/","200","Skip to main content","#main-content","ANCHOR","Same-page anchor"
"/","200","69SHOP.IN Premium Marketplace","/","PASS","HTTP 200"
"/","200","Shop","/shop.html","PASS","HTTP 200"
"/","200","Services","/services.html","PASS","HTTP 200"
"/","200","Sell","#sell","ANCHOR","Same-page anchor"
"/","200","About","#about","ANCHOR","Same-page anchor"
"/","200","Contact","#contact","ANCHOR","Same-page anchor"
"/","200","Login","/shop-login.html","PASS","HTTP 200"
"/","200","Start Selling","/seller-login.html","PASS","HTTP 200"
"/","200","Electronics500+ Products","/shop.html?category=Electronics","PASS","HTTP 200"
"/","200","Fashion300+ Products","/shop.html?category=Fashion","PASS","HTTP 200"
"/","200","Mobiles150+ Products","/shop.html?category=Mobiles","PASS","HTTP 200"
"/","200","Home & Living200+ Products","/shop.html?category=Home","PASS","HTTP 200"
"/","200","Beauty180+ Products","/shop.html?category=Beauty","PASS","HTTP 200"
"/","200","Sports120+ Products","/shop.html?category=Sports","PASS","HTTP 200"
"/","200","View All","/shop.html?sort=newest","PASS","HTTP 200"
"/","200","Download on theApp Store","#","SKIP","Non-navigable link"
"/","200","(no text)","https://www.instagram.com/69shop.in","EXTERNAL","External — not tested"
"/","200","Dashboard","/seller-dashboard.html","PASS","HTTP 200"
"/","200","Education","/profile.html?section=help","PASS","HTTP 200"
"/","200","Partners","/services.html#distributors","WARN","Nav error: page.goto: Navigation to ""http://127.0.0.1:4173/services.html"" is interrupted by"
"/","200","Privacy Policy","/docs/privacy.html","PASS","HTTP 200"
"/","200","Terms of Service","/docs/terms.html","PASS","HTTP 200"
"/","200","Shipping Policy","/docs/shipping.html","PASS","HTTP 200"
"/","200","Cart","javascript:void(0)","SKIP","Non-navigable link"
"/","200","PAGE SUMMARY: 25 unique links | 17 pass | 1 fail | 7 skip","/","SUMMARY","Audit complete"
"/shop.html","200","Skip to main content","#main-content","ANCHOR","Same-page anchor"
"/shop.html","200","Shop Now","#deals","ANCHOR","Same-page anchor"
"/shop.html","200","69SHOP.IN Premium Marketplace","/","PASS","HTTP 200"
"/shop.html","200","Dashboard","/profile.html?section=dashboard","PASS","HTTP 200"
"/shop.html","200","My Orders","/profile.html?section=orders","PASS","HTTP 200"
"/shop.html","200","Wishlist","/profile.html?section=wishlist","FAIL","HTTP 0"
"/shop.html","200","My Cart","/profile.html?section=cart","PASS","HTTP 200"
"/shop.html","200","Messages 0","/messages.html","FAIL","HTTP 0"
"/shop.html","200","Notifications 5","/profile.html?section=notifications","PASS","HTTP 200"
"/shop.html","200","My Addresses","/profile.html?section=addresses","PASS","HTTP 200"
"/shop.html","200","Payment Methods","/profile.html?section=payments","PASS","HTTP 200"
"/shop.html","200","My Subscriptions","/profile.html?section=subscriptions","FAIL","HTTP 0"
"/shop.html","200","My Reviews","/profile.html?section=reviews","PASS","HTTP 200"
"/shop.html","200","Settings","/profile.html?section=settings","PASS","HTTP 200"
"/shop.html","200","Help & Support","/profile.html?section=help","WARN","Nav error: page.goto: Navigation to ""http://127.0.0.1:4173/profile.html"" is interrupted by "
"/shop.html","200","Shop","/shop.html","PASS","HTTP 200"
"/shop.html","200","Go to Seller Dashboard","/seller-dashboard.html","PASS","HTTP 200"
"/shop.html","200","Become a Seller","/#sell","WARN","Nav error: page.goto: Navigation to ""http://127.0.0.1:4173/"" is interrupted by another navi"
"/shop.html","200","Login / Sign Up","/shop-login.html","WARN","Nav error: page.goto: Navigation to ""http://127.0.0.1:4173/shop-login.html"" is interrupted "
"/shop.html","200","Electronics Smartphones, Laptops & More Up to 60% OFF TRENDI","/category-electronics.html","PASS","HTTP 200"
"/shop.html","200","Fashion Clothing, Shoes & Accessories NEW ARRIVALS","/category-fashion.html","PASS","HTTP 200"
"/shop.html","200","Home & Living Furniture, Decor & Kitchen FREE DELIVERY","/category-home.html","PASS","HTTP 200"
"/shop.html","200","Beauty Skincare & Makeup","/category-beauty.html","PASS","HTTP 200"
"/shop.html","200","Sports Fitness & Outdoor","/category-sports.html","PASS","HTTP 200"
"/shop.html","200","Groceries Fresh & Packaged","/category-groceries.html","PASS","HTTP 200"
"/shop.html","200","Books Fiction & Non-Fiction","/category-books.html","PASS","HTTP 200"
"/shop.html","200","Services Book Trusted Providers TOP RATED BOOK NOW","/services.html","PASS","HTTP 200"
"/shop.html","200","Toys & Games","/category-toys.html","PASS","HTTP 200"
"/shop.html","200","Automotive","/category-automotive.html","PASS","HTTP 200"
"/shop.html","200","Jewelry PREMIUM","/category-jewelry.html","PASS","HTTP 200"
"/shop.html","200","Visit Store","javascript:void(0)","SKIP","Non-navigable link"
"/shop.html","200","(no text)","/product.html?id=b4","PASS","HTTP 200"
"/shop.html","200","(no text)","/product.html?id=auto3","PASS","HTTP 200"
"/shop.html","200","(no text)","/product.html?id=g3","PASS","HTTP 200"
"/shop.html","200","(no text)","/product.html?id=jew2","PASS","HTTP 200"
"/shop.html","200","(no text)","/product.html?id=s1","PASS","HTTP 200"
"/shop.html","200","(no text)","/product.html?id=b2","PASS","HTTP 200"
"/shop.html","200","(no text)","/product.html?id=auto1","PASS","HTTP 200"
"/shop.html","200","(no text)","/product.html?id=e6","PASS","HTTP 200"
"/shop.html","200","Browse services","/services.html#directory","PASS","HTTP 200"
"/shop.html","200","Plan jewellery brief","/services.html#handmade-jewellery","PASS","HTTP 200"
"/shop.html","200","Reserve pleating crew","/services.html#saree-prepleating","PASS","HTTP 200"
"/shop.html","200","Plan tasting","/services.html#bakery","PASS","HTTP 200"
"/shop.html","200","Schedule shoot","/services.html#photographers","PASS","HTTP 200"
"/shop.html","200","Clear all","#","SKIP","Non-navigable link"
"/shop.html","200","(no text)","https://www.instagram.com/69shop.in","EXTERNAL","External — not tested"
"/shop.html","200","Mobiles","/mobiles.html","PASS","HTTP 200"
"/shop.html","200","Headphones","/headphones.html","PASS","HTTP 200"
"/shop.html","200","Appliances","/appliances.html","PASS","HTTP 200"
"/shop.html","200","Home Needs","/home-needs.html","PASS","HTTP 200"
"/shop.html","200","About Us","/#about","PASS","HTTP 200"
"/shop.html","200","Partner Program","/services.html#distributors","PASS","HTTP 200"
"/shop.html","200","Help Center","/#contact","PASS","HTTP 200"
"/shop.html","200","Privacy Policy","/docs/privacy.html","PASS","HTTP 200"
"/shop.html","200","Terms of Service","/docs/terms.html","PASS","HTTP 200"
"/shop.html","200","Shipping Policy","/docs/shipping.html","PASS","HTTP 200"
"/shop.html","200","PAGE SUMMARY: 56 unique links | 45 pass | 6 fail | 5 skip","/shop.html","SUMMARY","Audit complete"
"/services.html","200","69SHOP.IN Premium Marketplace","/","PASS","HTTP 200"
"/services.html","200","Shop","/shop.html","PASS","HTTP 200"
"/services.html","200","Services","/services.html","PASS","HTTP 200"
"/services.html","200","Login","/shop-login.html","PASS","HTTP 200"
"/services.html","200","Preview Categories","#directory","ANCHOR","Same-page anchor"
"/services.html","200","Book jewellery expert","#handmade-jewellery","ANCHOR","Same-page anchor"
"/services.html","200","Reserve pleating crew","#saree-prepleating","ANCHOR","Same-page anchor"
"/services.html","200","Customise hampers","#handmade-gifts","ANCHOR","Same-page anchor"
"/services.html","200","Plan tasting","#bakery","ANCHOR","Same-page anchor"
"/services.html","200","Discuss territories","#distributors","ANCHOR","Same-page anchor"
"/services.html","200","Schedule shoot","#photographers","ANCHOR","Same-page anchor"
"/services.html","200","Talk to concierge","#contact","ANCHOR","Same-page anchor"
"/services.html","200","Review growth toolkit","/profile.html?section=dashboard","PASS","HTTP 200"
"/services.html","200","Call +91 98765 43210","tel:+919876543210","SKIP","Non-navigable link"
"/services.html","200","info@69shop.in","mailto:info@69shop.in","SKIP","Non-navigable link"
"/services.html","200","WhatsApp Concierge","https://wa.me/919876543210","EXTERNAL","External — not tested"
"/services.html","200","(no text)","https://www.instagram.com/69shop.in","EXTERNAL","External — not tested"
"/services.html","200","(no text)","#","SKIP","Non-navigable link"
"/services.html","200","Sell","/#sell","PASS","HTTP 200"
"/services.html","200","support@69shop.in","mailto:support@69shop.in","SKIP","Non-navigable link"
"/services.html","200","Search","/search.html","PASS","HTTP 200"
"/services.html","200","Chat","/messages.html","PASS","HTTP 200"
"/services.html","200","Profile","/profile.html","PASS","HTTP 200"
"/services.html","200","PAGE SUMMARY: 23 unique links | 9 pass | 0 fail | 14 skip","/services.html","SUMMARY","Audit complete"
"/shop-login.html","200","69SHOP.IN Premium Marketplace","/","PASS","HTTP 200"
"/shop-login.html","200","Forgot Password?","#","SKIP","Non-navigable link"
"/shop-login.html","200","Terms of Service","/docs/terms.html","PASS","HTTP 200"
"/shop-login.html","200","Privacy Policy","/docs/privacy.html","PASS","HTTP 200"
"/shop-login.html","200","Register as Seller","/seller-login.html","PASS","HTTP 200"
"/shop-login.html","200","Home","/shop.html","PASS","HTTP 200"
"/shop-login.html","200","Search","/search.html","PASS","HTTP 200"
"/shop-login.html","200","Services","/services.html","PASS","HTTP 200"
"/shop-login.html","200","Login","/shop-login.html","PASS","HTTP 200"
"/shop-login.html","200","Profile","/profile.html","PASS","HTTP 200"
"/shop-login.html","200","PAGE SUMMARY: 10 unique links | 9 pass | 0 fail | 1 skip","/shop-login.html","SUMMARY","Audit complete"
"/profile.html","200","69SHOP.IN Premium Marketplace","/","PASS","HTTP 200"
"/profile.html","200","Forgot Password?","#","SKIP","Non-navigable link"
"/profile.html","200","Terms of Service","/docs/terms.html","PASS","HTTP 200"
"/profile.html","200","Privacy Policy","/docs/privacy.html","PASS","HTTP 200"
"/profile.html","200","Register as Seller","/seller-login.html","PASS","HTTP 200"
"/profile.html","200","Home","/shop.html","PASS","HTTP 200"
"/profile.html","200","Search","/search.html","PASS","HTTP 200"
"/profile.html","200","Services","/services.html","PASS","HTTP 200"
"/profile.html","200","Login","/shop-login.html","PASS","HTTP 200"
"/profile.html","200","Profile","/profile.html","PASS","HTTP 200"
"/profile.html","200","PAGE SUMMARY: 10 unique links | 9 pass | 0 fail | 1 skip","/profile.html","SUMMARY","Audit complete"
"/product.html","200","69SHOP.IN Premium Marketplace","/","PASS","HTTP 200"
"/product.html","200","Shop","/shop.html","PASS","HTTP 200"
"/product.html","200","PAGE SUMMARY: 2 unique links | 2 pass | 0 fail | 0 skip","/product.html","SUMMARY","Audit complete"
"/brand-store.html","200","69SHOP.IN Premium Marketplace","/","PASS","HTTP 200"
"/brand-store.html","200","Shop","/shop.html","PASS","HTTP 200"
"/brand-store.html","200","Services","/services.html","PASS","HTTP 200"
"/brand-store.html","200","Login","/shop-login.html","PASS","HTTP 200"
"/brand-store.html","200","Cart","/profile.html?section=cart","PASS","HTTP 200"
"/brand-store.html","200","Wishlist","/profile.html?section=wishlist","PASS","HTTP 200"
"/brand-store.html","200","Profile","/profile.html","PASS","HTTP 200"
"/brand-store.html","200","PAGE SUMMARY: 7 unique links | 7 pass | 0 fail | 0 skip","/brand-store.html","SUMMARY","Audit complete"
"/book-service.html","200","69SHOP.IN Premium Marketplace","/","PASS","HTTP 200"
"/book-service.html","200","Shop","/shop.html","PASS","HTTP 200"
"/book-service.html","200","Services","/services.html","PASS","HTTP 200"
"/book-service.html","200","Login","/shop-login.html","PASS","HTTP 200"
"/book-service.html","200","info@69shop.in","mailto:info@69shop.in","SKIP","Non-navigable link"
"/book-service.html","200","Search","/search.html","PASS","HTTP 200"
"/book-service.html","200","Chat","/messages.html","PASS","HTTP 200"
"/book-service.html","200","Profile","/profile.html","PASS","HTTP 200"
"/book-service.html","200","PAGE SUMMARY: 8 unique links | 7 pass | 0 fail | 1 skip","/book-service.html","SUMMARY","Audit complete"
"/search.html","200","69SHOP.IN Premium Marketplace","/","PASS","HTTP 200"
"/search.html","200","All Products","/shop.html","PASS","HTTP 200"
"/search.html","200","OnePlus","?brand=OnePlus","ANCHOR","Same-page query/anchor"
"/search.html","200","Samsung","?brand=Samsung","ANCHOR","Same-page query/anchor"
"/search.html","200","Apple","?brand=Apple","ANCHOR","Same-page query/anchor"
"/search.html","200","Xiaomi","?brand=Xiaomi","ANCHOR","Same-page query/anchor"
"/search.html","200","Realme","?brand=Realme","ANCHOR","Same-page query/anchor"
"/search.html","200","Google","?brand=Google","ANCHOR","Same-page query/anchor"
"/search.html","200","Sony","?brand=Sony","ANCHOR","Same-page query/anchor"
"/search.html","200","Bose","?brand=Bose","ANCHOR","Same-page query/anchor"
"/search.html","200","(no text)","/product.html?id=m1","PASS","HTTP 200"
"/search.html","200","(no text)","/product.html?id=m2","PASS","HTTP 200"
"/search.html","200","(no text)","/product.html?id=m3","PASS","HTTP 200"
"/search.html","200","(no text)","/product.html?id=m4","PASS","HTTP 200"
"/search.html","200","(no text)","/product.html?id=m5","PASS","HTTP 200"
"/search.html","200","(no text)","/product.html?id=m6","PASS","HTTP 200"
"/search.html","200","(no text)","/product.html?id=m7","PASS","HTTP 200"
"/search.html","200","(no text)","/product.html?id=h1","PASS","HTTP 200"
"/search.html","200","(no text)","/product.html?id=h2","PASS","HTTP 200"
"/search.html","200","(no text)","/product.html?id=h3","PASS","HTTP 200"
"/search.html","200","(no text)","/product.html?id=h4","PASS","HTTP 200"
"/search.html","200","(no text)","/product.html?id=h5","PASS","HTTP 200"
"/search.html","200","(no text)","/product.html?id=a1","PASS","HTTP 200"
"/search.html","200","(no text)","/product.html?id=a2","PASS","HTTP 200"
"/search.html","200","(no text)","/product.html?id=a3","PASS","HTTP 200"
"/search.html","200","(no text)","/product.html?id=a4","PASS","HTTP 200"
"/search.html","200","(no text)","/product.html?id=a5","PASS","HTTP 200"
"/search.html","200","(no text)","/product.html?id=hn1","PASS","HTTP 200"
"/search.html","200","(no text)","/product.html?id=hn2","PASS","HTTP 200"
"/search.html","200","(no text)","/product.html?id=hn3","PASS","HTTP 200"
"/search.html","200","(no text)","/product.html?id=hn4","PASS","HTTP 200"
"/search.html","200","(no text)","/product.html?id=hn5","PASS","HTTP 200"
"/search.html","200","(no text)","/product.html?id=e1","PASS","HTTP 200"
"/search.html","200","(no text)","/product.html?id=e2","PASS","HTTP 200"
"/search.html","200","(no text)","/product.html?id=e3","PASS","HTTP 200"
"/search.html","200","(no text)","/product.html?id=e4","PASS","HTTP 200"
"/search.html","200","(no text)","/product.html?id=e5","PASS","HTTP 200"
"/search.html","200","(no text)","/product.html?id=e6","PASS","HTTP 200"
"/search.html","200","(no text)","/product.html?id=f1","PASS","HTTP 200"
"/search.html","200","(no text)","/product.html?id=f2","PASS","HTTP 200"
"/search.html","200","(no text)","/product.html?id=f3","PASS","HTTP 200"
"/search.html","200","(no text)","/product.html?id=f4","PASS","HTTP 200"
"/search.html","200","(no text)","/product.html?id=f5","PASS","HTTP 200"
"/search.html","200","(no text)","/product.html?id=f6","PASS","HTTP 200"
"/search.html","200","(no text)","/product.html?id=b1","PASS","HTTP 200"
"/search.html","200","(no text)","/product.html?id=b2","PASS","HTTP 200"
"/search.html","200","(no text)","/product.html?id=b3","PASS","HTTP 200"
"/search.html","200","(no text)","/product.html?id=b4","PASS","HTTP 200"
"/search.html","200","(no text)","/product.html?id=b5","PASS","HTTP 200"
"/search.html","200","(no text)","/product.html?id=s1","PASS","HTTP 200"
"/search.html","200","(no text)","/product.html?id=s2","PASS","HTTP 200"
"/search.html","200","(no text)","/product.html?id=s3","PASS","HTTP 200"
"/search.html","200","(no text)","/product.html?id=s4","PASS","HTTP 200"
"/search.html","200","(no text)","/product.html?id=s5","PASS","HTTP 200"
"/search.html","200","(no text)","/product.html?id=s6","PASS","HTTP 200"
"/search.html","200","(no text)","/product.html?id=g1","PASS","HTTP 200"
"/search.html","200","(no text)","/product.html?id=g2","PASS","HTTP 200"
"/search.html","200","(no text)","/product.html?id=g3","PASS","HTTP 200"
"/search.html","200","(no text)","/product.html?id=g4","PASS","HTTP 200"
"/search.html","200","(no text)","/product.html?id=g5","PASS","HTTP 200"
"/search.html","200","(no text)","/product.html?id=bk1","PASS","HTTP 200"
"/search.html","200","(no text)","/product.html?id=bk2","PASS","HTTP 200"
"/search.html","200","(no text)","/product.html?id=bk3","PASS","HTTP 200"
"/search.html","200","(no text)","/product.html?id=bk4","PASS","HTTP 200"
"/search.html","200","(no text)","/product.html?id=bk5","PASS","HTTP 200"
"/search.html","200","(no text)","/product.html?id=toy1","PASS","HTTP 200"
"/search.html","200","(no text)","/product.html?id=toy2","PASS","HTTP 200"
"/search.html","200","(no text)","/product.html?id=toy3","PASS","HTTP 200"
"/search.html","200","(no text)","/product.html?id=auto1","PASS","HTTP 200"
"/search.html","200","(no text)","/product.html?id=auto2","PASS","HTTP 200"
"/search.html","200","(no text)","/product.html?id=auto3","PASS","HTTP 200"
"/search.html","200","(no text)","/product.html?id=jew1","PASS","HTTP 200"
"/search.html","200","(no text)","/product.html?id=jew2","PASS","HTTP 200"
"/search.html","200","(no text)","/product.html?id=jew3","PASS","HTTP 200"
"/search.html","200","(no text)","/product.html?id=bTqXYW8kZeDzlpV3TyEe","PASS","HTTP 200"
"/search.html","200","(no text)","/product.html?id=tWwoFmYUAJTV1WwuFNp2","PASS","HTTP 200"
"/search.html","200","Nike","?q=Nike","ANCHOR","Same-page query/anchor"
"/search.html","200","Samsung","?q=Samsung","ANCHOR","Same-page query/anchor"
"/search.html","200","iPhone","?q=iPhone","ANCHOR","Same-page query/anchor"
"/search.html","200","Watch","?q=Watch","ANCHOR","Same-page query/anchor"
"/search.html","200","Shoes","?q=Shoes","ANCHOR","Same-page query/anchor"
"/search.html","200","Puma","?brand=Puma","ANCHOR","Same-page query/anchor"
"/search.html","200","Electronics","?category=Electronics","ANCHOR","Same-page query/anchor"
"/search.html","200","Services","/services.html","PASS","HTTP 200"
"/search.html","200","Terms","/docs/terms.html","PASS","HTTP 200"
"/search.html","200","Privacy","/docs/privacy.html","PASS","HTTP 200"
"/search.html","200","Search","/search.html","PASS","HTTP 200"
"/search.html","200","Chat","/messages.html","PASS","HTTP 200"
"/search.html","200","Profile","/profile.html","PASS","HTTP 200"
"/search.html","200","PAGE SUMMARY: 89 unique links | 74 pass | 0 fail | 15 skip","/search.html","SUMMARY","Audit complete"
"/messages.html","200","Back to Shop","/shop.html","PASS","HTTP 200"
"/messages.html","200","Sign In","/shop-login.html","PASS","HTTP 200"
"/messages.html","200","Search","/search.html","PASS","HTTP 200"
"/messages.html","200","Chat","/messages.html","PASS","HTTP 200"
"/messages.html","200","Services","/services.html","PASS","HTTP 200"
"/messages.html","200","Profile","/profile.html","PASS","HTTP 200"
"/messages.html","200","PAGE SUMMARY: 6 unique links | 6 pass | 0 fail | 0 skip","/messages.html","SUMMARY","Audit complete"
"/my-bookings.html","200","69SHOP.IN My Bookings","/","PASS","HTTP 200"
"/my-bookings.html","200","Services","/services.html","PASS","HTTP 200"
"/my-bookings.html","200","New Booking","/book-service.html","PASS","HTTP 200"
"/my-bookings.html","200","Sign In","/shop-login.html","PASS","HTTP 200"
"/my-bookings.html","200","info@69shop.in","mailto:info@69shop.in","SKIP","Non-navigable link"
"/my-bookings.html","200","Home","/shop.html","PASS","HTTP 200"
"/my-bookings.html","200","Search","/search.html","PASS","HTTP 200"
"/my-bookings.html","200","Bookings","/my-bookings.html","PASS","HTTP 200"
"/my-bookings.html","200","Profile","/profile.html","PASS","HTTP 200"
"/my-bookings.html","200","PAGE SUMMARY: 9 unique links | 8 pass | 0 fail | 1 skip","/my-bookings.html","SUMMARY","Audit complete"
"/order-tracking.html","200","Skip to main content","#main-content","ANCHOR","Same-page anchor"
"/order-tracking.html","200","69SHOP.IN Premium Marketplace","/","PASS","HTTP 200"
"/order-tracking.html","200","Shop","/shop.html","PASS","HTTP 200"
"/order-tracking.html","200","Services","/services.html","PASS","HTTP 200"
"/order-tracking.html","200","Login","/shop-login.html","PASS","HTTP 200"
"/order-tracking.html","200","Email Support","mailto:support@69shop.in","SKIP","Non-navigable link"
"/order-tracking.html","200","Call Us","tel:+919876543210","SKIP","Non-navigable link"
"/order-tracking.html","200","Live Chat","/messages.html","PASS","HTTP 200"
"/order-tracking.html","200","My Account","/profile.html","PASS","HTTP 200"
"/order-tracking.html","200","Terms","/docs/terms.html","FAIL","HTTP 0"
"/order-tracking.html","200","Privacy","/docs/privacy.html","PASS","HTTP 200"
"/order-tracking.html","200","Search","/search.html","PASS","HTTP 200"
"/order-tracking.html","200","Track","/order-tracking.html","PASS","HTTP 200"
"/order-tracking.html","200","PAGE SUMMARY: 13 unique links | 9 pass | 1 fail | 3 skip","/order-tracking.html","SUMMARY","Audit complete"
"/category.html","200","69SHOP.IN Premium Marketplace","/","PASS","HTTP 200"
"/category.html","200","Shop","/shop.html","PASS","HTTP 200"
"/category.html","200","OnePlus 12R 5G","/product.html?id=m1","PASS","HTTP 200"
"/category.html","200","OnePlus Nord CE4","/product.html?id=m2","PASS","HTTP 200"
"/category.html","200","Samsung Galaxy S23 FE","/product.html?id=m3","PASS","HTTP 200"
"/category.html","200","iPhone 15","/product.html?id=m4","PASS","HTTP 200"
"/category.html","200","Redmi Note 13 Pro","/product.html?id=m5","PASS","HTTP 200"
"/category.html","200","Realme 12 Pro+","/product.html?id=m6","PASS","HTTP 200"
"/category.html","200","Pixel 8a","/product.html?id=m7","PASS","HTTP 200"
"/category.html","200","Sony WH-1000XM5","/product.html?id=h1","PASS","HTTP 200"
"/category.html","200","Bose QuietComfort Ultra","/product.html?id=h2","PASS","HTTP 200"
"/category.html","200","AirPods Pro (2nd Gen)","/product.html?id=h3","PASS","HTTP 200"
"/category.html","200","OnePlus Buds 3","/product.html?id=h4","PASS","HTTP 200"
"/category.html","200","JBL Tune Flex","/product.html?id=h5","PASS","HTTP 200"
"/category.html","200","(no text)","https://www.instagram.com/69shop.in","EXTERNAL","External — not tested"
"/category.html","200","(no text)","#","SKIP","Non-navigable link"
"/category.html","200","Mobiles","/mobiles.html","PASS","HTTP 200"
"/category.html","200","Headphones","/headphones.html","PASS","HTTP 200"
"/category.html","200","Appliances","/appliances.html","PASS","HTTP 200"
"/category.html","200","Home Needs","/home-needs.html","PASS","HTTP 200"
"/category.html","200","Sell on 69Shop","/#sell","PASS","HTTP 200"
"/category.html","200","About Us","/#about","PASS","HTTP 200"
"/category.html","200","Seller Dashboard","/seller-dashboard.html","PASS","HTTP 200"
"/category.html","200","Seller Education","/profile.html?section=help","PASS","HTTP 200"
"/category.html","200","Partner Program","/services.html#distributors","FAIL","HTTP 0"
"/category.html","200","Help Center","/#contact","PASS","HTTP 200"
"/category.html","200","Privacy Policy","/docs/privacy.html","PASS","HTTP 200"
"/category.html","200","Terms of Service","/docs/terms.html","PASS","HTTP 200"
"/category.html","200","Shipping Policy","/docs/shipping.html","PASS","HTTP 200"
"/category.html","200","Returns & Refunds","/docs/refund.html","PASS","HTTP 200"
"/category.html","200","PAGE SUMMARY: 30 unique links | 27 pass | 1 fail | 2 skip","/category.html","SUMMARY","Audit complete"
"/category-electronics.html","200","69SHOP.INPremium Marketplace","/","PASS","HTTP 200"
"/category-electronics.html","200","All","/shop.html","PASS","HTTP 200"
"/category-electronics.html","200","Electronics","/category-electronics.html","PASS","HTTP 200"
"/category-electronics.html","200","Fashion","/category-fashion.html","PASS","HTTP 200"
"/category-electronics.html","200","Home","/category-home.html","PASS","HTTP 200"
"/category-electronics.html","200","Beauty","/category-beauty.html","PASS","HTTP 200"
"/category-electronics.html","200","Sports","/category-sports.html","PASS","HTTP 200"
"/category-electronics.html","200","Groceries","/category-groceries.html","PASS","HTTP 200"
"/category-electronics.html","200","Books","/category-books.html","PASS","HTTP 200"
"/category-electronics.html","200","Toys","/category-toys.html","PASS","HTTP 200"
"/category-electronics.html","200","Automotive","/category-automotive.html","PASS","HTTP 200"
"/category-electronics.html","200","Jewelry","/category-jewelry.html","PASS","HTTP 200"
"/category-electronics.html","200","View All","/shop.html?category=electronics","PASS","HTTP 200"
"/category-electronics.html","200","TRENDING","/product.html?id=e1","PASS","HTTP 200"
"/category-electronics.html","200","TRENDING","/product.html?id=e3","PASS","HTTP 200"
"/category-electronics.html","200","TRENDING","/product.html?id=e4","PASS","HTTP 200"
"/category-electronics.html","200","TRENDING","/product.html?id=e2","PASS","HTTP 200"
"/category-electronics.html","200","TRENDING","/product.html?id=e5","PASS","HTTP 200"
"/category-electronics.html","200","TRENDING","/product.html?id=e6","PASS","HTTP 200"
"/category-electronics.html","200","Dashboard","/profile.html?section=dashboard","PASS","HTTP 200"
"/category-electronics.html","200","My Orders","/profile.html?section=orders","FAIL","HTTP 0"
"/category-electronics.html","200","Wishlist","/profile.html?section=wishlist","PASS","HTTP 200"
"/category-electronics.html","200","Contact Us","#","SKIP","Non-navigable link"
"/category-electronics.html","200","Search","/shop.html#search","PASS","HTTP 200"
"/category-electronics.html","200","Cart 0","javascript:void(0)","SKIP","Non-navigable link"
"/category-electronics.html","200","Profile","/profile.html","PASS","HTTP 200"
"/category-electronics.html","200","PAGE SUMMARY: 26 unique links | 23 pass | 1 fail | 2 skip","/category-electronics.html","SUMMARY","Audit complete"
"/category-fashion.html","200","69SHOP.INPremium Marketplace","/","PASS","HTTP 200"
"/category-fashion.html","200","All","/shop.html","PASS","HTTP 200"
"/category-fashion.html","200","Electronics","/category-electronics.html","PASS","HTTP 200"
"/category-fashion.html","200","Fashion","/category-fashion.html","PASS","HTTP 200"
"/category-fashion.html","200","Home","/category-home.html","PASS","HTTP 200"
"/category-fashion.html","200","Beauty","/category-beauty.html","PASS","HTTP 200"
"/category-fashion.html","200","Sports","/category-sports.html","PASS","HTTP 200"
"/category-fashion.html","200","Groceries","/category-groceries.html","PASS","HTTP 200"
"/category-fashion.html","200","Books","/category-books.html","PASS","HTTP 200"
"/category-fashion.html","200","Toys","/category-toys.html","PASS","HTTP 200"
"/category-fashion.html","200","Automotive","/category-automotive.html","PASS","HTTP 200"
"/category-fashion.html","200","Jewelry","/category-jewelry.html","PASS","HTTP 200"
"/category-fashion.html","200","View All","/shop.html?category=fashion","PASS","HTTP 200"
"/category-fashion.html","200","TRENDING","/product.html?id=f6","PASS","HTTP 200"
"/category-fashion.html","200","TRENDING","/product.html?id=f2","PASS","HTTP 200"
"/category-fashion.html","200","TRENDING","/product.html?id=f1","PASS","HTTP 200"
"/category-fashion.html","200","TRENDING","/product.html?id=f5","PASS","HTTP 200"
"/category-fashion.html","200","TRENDING","/product.html?id=f3","PASS","HTTP 200"
"/category-fashion.html","200","TRENDING","/product.html?id=f4","PASS","HTTP 200"
"/category-fashion.html","200","Dashboard","/profile.html?section=dashboard","PASS","HTTP 200"
"/category-fashion.html","200","My Orders","/profile.html?section=orders","PASS","HTTP 200"
"/category-fashion.html","200","Wishlist","/profile.html?section=wishlist","FAIL","HTTP 0"
"/category-fashion.html","200","Contact Us","#","SKIP","Non-navigable link"
"/category-fashion.html","200","Search","/shop.html#search","PASS","HTTP 200"
"/category-fashion.html","200","Cart 0","javascript:void(0)","SKIP","Non-navigable link"
"/category-fashion.html","200","Profile","/profile.html","PASS","HTTP 200"
"/category-fashion.html","200","PAGE SUMMARY: 26 unique links | 23 pass | 1 fail | 2 skip","/category-fashion.html","SUMMARY","Audit complete"
"/category-beauty.html","200","69SHOP.INPremium Marketplace","/","PASS","HTTP 200"
"/category-beauty.html","200","All","/shop.html","PASS","HTTP 200"
"/category-beauty.html","200","Electronics","/category-electronics.html","PASS","HTTP 200"
"/category-beauty.html","200","Fashion","/category-fashion.html","PASS","HTTP 200"
"/category-beauty.html","200","Home","/category-home.html","PASS","HTTP 200"
"/category-beauty.html","200","Beauty","/category-beauty.html","PASS","HTTP 200"
"/category-beauty.html","200","Sports","/category-sports.html","PASS","HTTP 200"
"/category-beauty.html","200","Groceries","/category-groceries.html","PASS","HTTP 200"
"/category-beauty.html","200","Books","/category-books.html","PASS","HTTP 200"
"/category-beauty.html","200","Toys","/category-toys.html","PASS","HTTP 200"
"/category-beauty.html","200","Automotive","/category-automotive.html","PASS","HTTP 200"
"/category-beauty.html","200","Jewelry","/category-jewelry.html","PASS","HTTP 200"
"/category-beauty.html","200","View All","/shop.html?category=beauty","PASS","HTTP 200"
"/category-beauty.html","200","TRENDING","/product.html?id=b1","PASS","HTTP 200"
"/category-beauty.html","200","TRENDING","/product.html?id=b3","PASS","HTTP 200"
"/category-beauty.html","200","TRENDING","/product.html?id=b2","PASS","HTTP 200"
"/category-beauty.html","200","TRENDING","/product.html?id=b4","PASS","HTTP 200"
"/category-beauty.html","200","TRENDING","/product.html?id=b5","PASS","HTTP 200"
"/category-beauty.html","200","Dashboard","/profile.html?section=dashboard","PASS","HTTP 200"
"/category-beauty.html","200","My Orders","/profile.html?section=orders","FAIL","HTTP 0"
"/category-beauty.html","200","Wishlist","/profile.html?section=wishlist","PASS","HTTP 200"
"/category-beauty.html","200","Contact Us","/#contact","PASS","HTTP 200"
"/category-beauty.html","200","Returns & Refunds","/docs/returns.html","FAIL","HTTP 404"
"/category-beauty.html","200","FAQs","/profile.html?section=help","PASS","HTTP 200"
"/category-beauty.html","200","About Us","/#about","PASS","HTTP 200"
"/category-beauty.html","200","Careers","/#sell","PASS","HTTP 200"
"/category-beauty.html","200","Blog","/services.html","PASS","HTTP 200"
"/category-beauty.html","200","(no text)","#","SKIP","Non-navigable link"
"/category-beauty.html","200","(no text)","https://www.instagram.com/69shop.in","EXTERNAL","External — not tested"
"/category-beauty.html","200","Search","/shop.html#search","PASS","HTTP 200"
"/category-beauty.html","200","Cart 0","javascript:void(0)","SKIP","Non-navigable link"
"/category-beauty.html","200","Profile","/profile.html","PASS","HTTP 200"
"/category-beauty.html","200","PAGE SUMMARY: 32 unique links | 27 pass | 2 fail | 3 skip","/category-beauty.html","SUMMARY","Audit complete"
"/category-books.html","200","69SHOP.INPremium Marketplace","/","PASS","HTTP 200"
"/category-books.html","200","All","/shop.html","PASS","HTTP 200"
"/category-books.html","200","Electronics","/category-electronics.html","PASS","HTTP 200"
"/category-books.html","200","Fashion","/category-fashion.html","PASS","HTTP 200"
"/category-books.html","200","Home","/category-home.html","PASS","HTTP 200"
"/category-books.html","200","Beauty","/category-beauty.html","PASS","HTTP 200"
"/category-books.html","200","Sports","/category-sports.html","PASS","HTTP 200"
"/category-books.html","200","Groceries","/category-groceries.html","PASS","HTTP 200"
"/category-books.html","200","Books","/category-books.html","PASS","HTTP 200"
"/category-books.html","200","Toys","/category-toys.html","PASS","HTTP 200"
"/category-books.html","200","Automotive","/category-automotive.html","PASS","HTTP 200"
"/category-books.html","200","Jewelry","/category-jewelry.html","PASS","HTTP 200"
"/category-books.html","200","View All","/shop.html?category=books","PASS","HTTP 200"
"/category-books.html","200","TRENDING","/product.html?id=bk1","PASS","HTTP 200"
"/category-books.html","200","TRENDING","/product.html?id=bk2","PASS","HTTP 200"
"/category-books.html","200","TRENDING","/product.html?id=bk5","PASS","HTTP 200"
"/category-books.html","200","TRENDING","/product.html?id=bk3","PASS","HTTP 200"
"/category-books.html","200","TRENDING","/product.html?id=hn4","PASS","HTTP 200"
"/category-books.html","200","TRENDING","/product.html?id=bk4","PASS","HTTP 200"
"/category-books.html","200","Dashboard","/profile.html?section=dashboard","PASS","HTTP 200"
"/category-books.html","200","My Orders","/profile.html?section=orders","FAIL","HTTP 0"
"/category-books.html","200","Wishlist","/profile.html?section=wishlist","PASS","HTTP 200"
"/category-books.html","200","Contact Us","#","SKIP","Non-navigable link"
"/category-books.html","200","Search","/shop.html#search","PASS","HTTP 200"
"/category-books.html","200","Cart 0","javascript:void(0)","SKIP","Non-navigable link"
"/category-books.html","200","Profile","/profile.html","PASS","HTTP 200"
"/category-books.html","200","PAGE SUMMARY: 26 unique links | 23 pass | 1 fail | 2 skip","/category-books.html","SUMMARY","Audit complete"
"/category-groceries.html","200","69SHOP.INPremium Marketplace","/","PASS","HTTP 200"
"/category-groceries.html","200","All","/shop.html","PASS","HTTP 200"
"/category-groceries.html","200","Electronics","/category-electronics.html","PASS","HTTP 200"
"/category-groceries.html","200","Fashion","/category-fashion.html","PASS","HTTP 200"
"/category-groceries.html","200","Home","/category-home.html","PASS","HTTP 200"
"/category-groceries.html","200","Beauty","/category-beauty.html","PASS","HTTP 200"
"/category-groceries.html","200","Sports","/category-sports.html","PASS","HTTP 200"
"/category-groceries.html","200","Groceries","/category-groceries.html","PASS","HTTP 200"
"/category-groceries.html","200","Books","/category-books.html","PASS","HTTP 200"
"/category-groceries.html","200","Toys","/category-toys.html","PASS","HTTP 200"
"/category-groceries.html","200","Automotive","/category-automotive.html","PASS","HTTP 200"
"/category-groceries.html","200","Jewelry","/category-jewelry.html","PASS","HTTP 200"
"/category-groceries.html","200","View All","/shop.html?category=groceries","PASS","HTTP 200"
"/category-groceries.html","200","TRENDING","/product.html?id=g5","PASS","HTTP 200"
"/category-groceries.html","200","TRENDING","/product.html?id=g1","PASS","HTTP 200"
"/category-groceries.html","200","TRENDING","/product.html?id=g2","PASS","HTTP 200"
"/category-groceries.html","200","TRENDING","/product.html?id=g4","PASS","HTTP 200"
"/category-groceries.html","200","TRENDING","/product.html?id=g3","PASS","HTTP 200"
"/category-groceries.html","200","Dashboard","/profile.html?section=dashboard","PASS","HTTP 200"
"/category-groceries.html","200","My Orders","/profile.html?section=orders","FAIL","HTTP 0"
"/category-groceries.html","200","Wishlist","/profile.html?section=wishlist","PASS","HTTP 200"
"/category-groceries.html","200","Contact Us","#","SKIP","Non-navigable link"
"/category-groceries.html","200","Search","/shop.html#search","FAIL","HTTP 0"
"/category-groceries.html","200","Cart 0","javascript:void(0)","SKIP","Non-navigable link"
"/category-groceries.html","200","Profile","/profile.html","PASS","HTTP 200"
"/category-groceries.html","200","PAGE SUMMARY: 25 unique links | 21 pass | 2 fail | 2 skip","/category-groceries.html","SUMMARY","Audit complete"
"/category-home.html","200","69SHOP.INPremium Marketplace","/","PASS","HTTP 200"
"/category-home.html","200","All","/shop.html","PASS","HTTP 200"
"/category-home.html","200","Electronics","/category-electronics.html","PASS","HTTP 200"
"/category-home.html","200","Fashion","/category-fashion.html","PASS","HTTP 200"
"/category-home.html","200","Home","/category-home.html","PASS","HTTP 200"
"/category-home.html","200","Beauty","/category-beauty.html","PASS","HTTP 200"
"/category-home.html","200","Sports","/category-sports.html","PASS","HTTP 200"
"/category-home.html","200","Groceries","/category-groceries.html","PASS","HTTP 200"
"/category-home.html","200","Books","/category-books.html","PASS","HTTP 200"
"/category-home.html","200","Toys","/category-toys.html","PASS","HTTP 200"
"/category-home.html","200","Automotive","/category-automotive.html","PASS","HTTP 200"
"/category-home.html","200","Jewelry","/category-jewelry.html","PASS","HTTP 200"
"/category-home.html","200","View All","/shop.html?category=home","PASS","HTTP 200"
"/category-home.html","200","TRENDING","/product.html?id=hn2","PASS","HTTP 200"
"/category-home.html","200","TRENDING","/product.html?id=hn3","PASS","HTTP 200"
"/category-home.html","200","TRENDING","/product.html?id=hn1","PASS","HTTP 200"
"/category-home.html","200","TRENDING","/product.html?id=hn4","PASS","HTTP 200"
"/category-home.html","200","TRENDING","/product.html?id=hn5","PASS","HTTP 200"
"/category-home.html","200","Dashboard","/profile.html?section=dashboard","PASS","HTTP 200"
"/category-home.html","200","My Orders","/profile.html?section=orders","FAIL","HTTP 0"
"/category-home.html","200","Wishlist","/profile.html?section=wishlist","FAIL","HTTP 0"
"/category-home.html","200","Contact Us","/#contact","PASS","HTTP 200"
"/category-home.html","200","Returns & Refunds","/docs/returns.html","FAIL","HTTP 404"
"/category-home.html","200","FAQs","/profile.html?section=help","PASS","HTTP 200"
"/category-home.html","200","About Us","/#about","PASS","HTTP 200"
"/category-home.html","200","Careers","/#sell","PASS","HTTP 200"
"/category-home.html","200","Blog","/services.html","PASS","HTTP 200"
"/category-home.html","200","(no text)","#","SKIP","Non-navigable link"
"/category-home.html","200","(no text)","https://www.instagram.com/69shop.in","EXTERNAL","External — not tested"
"/category-home.html","200","Search","/shop.html#search","PASS","HTTP 200"
"/category-home.html","200","Cart 0","javascript:void(0)","SKIP","Non-navigable link"
"/category-home.html","200","Profile","/profile.html","PASS","HTTP 200"
"/category-home.html","200","PAGE SUMMARY: 32 unique links | 26 pass | 3 fail | 3 skip","/category-home.html","SUMMARY","Audit complete"
"/category-jewelry.html","200","69SHOP.INPremium Marketplace","/","PASS","HTTP 200"
"/category-jewelry.html","200","All","/shop.html","PASS","HTTP 200"
"/category-jewelry.html","200","Electronics","/category-electronics.html","PASS","HTTP 200"
"/category-jewelry.html","200","Fashion","/category-fashion.html","PASS","HTTP 200"
"/category-jewelry.html","200","Home","/category-home.html","PASS","HTTP 200"
"/category-jewelry.html","200","Beauty","/category-beauty.html","PASS","HTTP 200"
"/category-jewelry.html","200","Sports","/category-sports.html","PASS","HTTP 200"
"/category-jewelry.html","200","Groceries","/category-groceries.html","PASS","HTTP 200"
"/category-jewelry.html","200","Books","/category-books.html","PASS","HTTP 200"
"/category-jewelry.html","200","Toys","/category-toys.html","PASS","HTTP 200"
"/category-jewelry.html","200","Automotive","/category-automotive.html","PASS","HTTP 200"
"/category-jewelry.html","200","Jewelry","/category-jewelry.html","PASS","HTTP 200"
"/category-jewelry.html","200","View All","/shop.html?category=jewelry","PASS","HTTP 200"
"/category-jewelry.html","200","TRENDING","/product.html?id=jew1","PASS","HTTP 200"
"/category-jewelry.html","200","TRENDING","/product.html?id=jew3","PASS","HTTP 200"
"/category-jewelry.html","200","TRENDING","/product.html?id=jew2","PASS","HTTP 200"
"/category-jewelry.html","200","Dashboard","/profile.html?section=dashboard","PASS","HTTP 200"
"/category-jewelry.html","200","My Orders","/profile.html?section=orders","FAIL","HTTP 0"
"/category-jewelry.html","200","Wishlist","/profile.html?section=wishlist","FAIL","HTTP 0"
"/category-jewelry.html","200","Contact Us","#","SKIP","Non-navigable link"
"/category-jewelry.html","200","Search","/shop.html#search","PASS","HTTP 200"
"/category-jewelry.html","200","Cart 0","javascript:void(0)","SKIP","Non-navigable link"
"/category-jewelry.html","200","Profile","/profile.html","PASS","HTTP 200"
"/category-jewelry.html","200","PAGE SUMMARY: 23 unique links | 19 pass | 2 fail | 2 skip","/category-jewelry.html","SUMMARY","Audit complete"
"/category-sports.html","200","69SHOP.INPremium Marketplace","/","PASS","HTTP 200"
"/category-sports.html","200","All","/shop.html","PASS","HTTP 200"
"/category-sports.html","200","Electronics","/category-electronics.html","PASS","HTTP 200"
"/category-sports.html","200","Fashion","/category-fashion.html","PASS","HTTP 200"
"/category-sports.html","200","Home","/category-home.html","PASS","HTTP 200"
"/category-sports.html","200","Beauty","/category-beauty.html","PASS","HTTP 200"
"/category-sports.html","200","Sports","/category-sports.html","PASS","HTTP 200"
"/category-sports.html","200","Groceries","/category-groceries.html","PASS","HTTP 200"
"/category-sports.html","200","Books","/category-books.html","PASS","HTTP 200"
"/category-sports.html","200","Toys","/category-toys.html","PASS","HTTP 200"
"/category-sports.html","200","Automotive","/category-automotive.html","PASS","HTTP 200"
"/category-sports.html","200","Jewelry","/category-jewelry.html","PASS","HTTP 200"
"/category-sports.html","200","View All","/shop.html?category=sports","PASS","HTTP 200"
"/category-sports.html","200","TRENDING","/product.html?id=s5","PASS","HTTP 200"
"/category-sports.html","200","TRENDING","/product.html?id=f2","PASS","HTTP 200"
"/category-sports.html","200","TRENDING","/product.html?id=s2","PASS","HTTP 200"
"/category-sports.html","200","TRENDING","/product.html?id=s1","PASS","HTTP 200"
"/category-sports.html","200","TRENDING","/product.html?id=s3","PASS","HTTP 200"
"/category-sports.html","200","TRENDING","/product.html?id=s6","PASS","HTTP 200"
"/category-sports.html","200","Dashboard","/profile.html?section=dashboard","PASS","HTTP 200"
"/category-sports.html","200","My Orders","/profile.html?section=orders","FAIL","HTTP 0"
"/category-sports.html","200","Wishlist","/profile.html?section=wishlist","PASS","HTTP 200"
"/category-sports.html","200","Contact Us","/#contact","PASS","HTTP 200"
"/category-sports.html","200","Returns & Refunds","/docs/returns.html","FAIL","HTTP 404"
"/category-sports.html","200","FAQs","/profile.html?section=help","PASS","HTTP 200"
"/category-sports.html","200","About Us","/#about","PASS","HTTP 200"
"/category-sports.html","200","Careers","/#sell","PASS","HTTP 200"
"/category-sports.html","200","Blog","/services.html","PASS","HTTP 200"
"/category-sports.html","200","(no text)","#","SKIP","Non-navigable link"
"/category-sports.html","200","(no text)","https://www.instagram.com/69shop.in","EXTERNAL","External — not tested"
"/category-sports.html","200","Search","/shop.html#search","PASS","HTTP 200"
"/category-sports.html","200","Cart 0","javascript:void(0)","SKIP","Non-navigable link"
"/category-sports.html","200","Profile","/profile.html","PASS","HTTP 200"
"/category-sports.html","200","PAGE SUMMARY: 33 unique links | 28 pass | 2 fail | 3 skip","/category-sports.html","SUMMARY","Audit complete"
"/category-toys.html","200","69SHOP.INPremium Marketplace","/","PASS","HTTP 200"
"/category-toys.html","200","All","/shop.html","PASS","HTTP 200"
"/category-toys.html","200","Electronics","/category-electronics.html","PASS","HTTP 200"
"/category-toys.html","200","Fashion","/category-fashion.html","PASS","HTTP 200"
"/category-toys.html","200","Home","/category-home.html","PASS","HTTP 200"
"/category-toys.html","200","Beauty","/category-beauty.html","PASS","HTTP 200"
"/category-toys.html","200","Sports","/category-sports.html","PASS","HTTP 200"
"/category-toys.html","200","Groceries","/category-groceries.html","PASS","HTTP 200"
"/category-toys.html","200","Books","/category-books.html","PASS","HTTP 200"
"/category-toys.html","200","Toys","/category-toys.html","PASS","HTTP 200"
"/category-toys.html","200","Automotive","/category-automotive.html","PASS","HTTP 200"
"/category-toys.html","200","Jewelry","/category-jewelry.html","PASS","HTTP 200"
"/category-toys.html","200","View All","/shop.html?category=toys","PASS","HTTP 200"
"/category-toys.html","200","TRENDING","/product.html?id=toy1","PASS","HTTP 200"
"/category-toys.html","200","TRENDING","/product.html?id=toy3","PASS","HTTP 200"
"/category-toys.html","200","TRENDING","/product.html?id=toy2","PASS","HTTP 200"
"/category-toys.html","200","Dashboard","/profile.html?section=dashboard","PASS","HTTP 200"
"/category-toys.html","200","My Orders","/profile.html?section=orders","FAIL","HTTP 0"
"/category-toys.html","200","Wishlist","/profile.html?section=wishlist","PASS","HTTP 200"
"/category-toys.html","200","Contact Us","#","SKIP","Non-navigable link"
"/category-toys.html","200","Search","/shop.html#search","PASS","HTTP 200"
"/category-toys.html","200","Cart 0","javascript:void(0)","SKIP","Non-navigable link"
"/category-toys.html","200","Profile","/profile.html","PASS","HTTP 200"
"/category-toys.html","200","PAGE SUMMARY: 23 unique links | 20 pass | 1 fail | 2 skip","/category-toys.html","SUMMARY","Audit complete"
"/category-automotive.html","200","69SHOP.INPremium Marketplace","/","PASS","HTTP 200"
"/category-automotive.html","200","All","/shop.html","PASS","HTTP 200"
"/category-automotive.html","200","Electronics","/category-electronics.html","PASS","HTTP 200"
"/category-automotive.html","200","Fashion","/category-fashion.html","PASS","HTTP 200"
"/category-automotive.html","200","Home","/category-home.html","PASS","HTTP 200"
"/category-automotive.html","200","Beauty","/category-beauty.html","PASS","HTTP 200"
"/category-automotive.html","200","Sports","/category-sports.html","PASS","HTTP 200"
"/category-automotive.html","200","Groceries","/category-groceries.html","PASS","HTTP 200"
"/category-automotive.html","200","Books","/category-books.html","PASS","HTTP 200"
"/category-automotive.html","200","Toys","/category-toys.html","PASS","HTTP 200"
"/category-automotive.html","200","Automotive","/category-automotive.html","PASS","HTTP 200"
"/category-automotive.html","200","Jewelry","/category-jewelry.html","PASS","HTTP 200"
"/category-automotive.html","200","View All","/shop.html?category=automotive","PASS","HTTP 200"
"/category-automotive.html","200","TRENDING","/product.html?id=auto1","PASS","HTTP 200"
"/category-automotive.html","200","TRENDING","/product.html?id=auto2","PASS","HTTP 200"
"/category-automotive.html","200","TRENDING","/product.html?id=auto3","PASS","HTTP 200"
"/category-automotive.html","200","Dashboard","/profile.html?section=dashboard","PASS","HTTP 200"
"/category-automotive.html","200","My Orders","/profile.html?section=orders","FAIL","HTTP 0"
"/category-automotive.html","200","Wishlist","/profile.html?section=wishlist","PASS","HTTP 200"
"/category-automotive.html","200","Contact Us","#","SKIP","Non-navigable link"
"/category-automotive.html","200","Search","/shop.html#search","PASS","HTTP 200"
"/category-automotive.html","200","Cart 0","javascript:void(0)","SKIP","Non-navigable link"
"/category-automotive.html","200","Profile","/profile.html","PASS","HTTP 200"
"/category-automotive.html","200","PAGE SUMMARY: 23 unique links | 20 pass | 1 fail | 2 skip","/category-automotive.html","SUMMARY","Audit complete"
"/category-template.html","200","69SHOP.INPremium Marketplace","/","PASS","HTTP 200"
"/category-template.html","200","Back to shop","/shop.html","PASS","HTTP 200"
"/category-template.html","200","PAGE SUMMARY: 2 unique links | 2 pass | 0 fail | 0 skip","/category-template.html","SUMMARY","Audit complete"
"/electronics.html","200","69SHOP.INPremium Marketplace","/","PASS","HTTP 200"
"/electronics.html","200","Back to shop","/shop.html","PASS","HTTP 200"
"/electronics.html","200","Appliances","/appliances.html","PASS","HTTP 200"
"/electronics.html","200","Mobiles","/mobiles.html","PASS","HTTP 200"
"/electronics.html","200","Headphones","/headphones.html","PASS","HTTP 200"
"/electronics.html","200","Electronics","/electronics.html","PASS","HTTP 200"
"/electronics.html","200","Fashion","/fashion.html","PASS","HTTP 200"
"/electronics.html","200","Beauty","/beauty.html","PASS","HTTP 200"
"/electronics.html","200","Sports","/sports.html","PASS","HTTP 200"
"/electronics.html","200","Grocery","/grocery.html","PASS","HTTP 200"
"/electronics.html","200","Books","/books.html","PASS","HTTP 200"
"/electronics.html","200","Home","/home-needs.html","PASS","HTTP 200"
"/electronics.html","200","PAGE SUMMARY: 12 unique links | 12 pass | 0 fail | 0 skip","/electronics.html","SUMMARY","Audit complete"
"/fashion.html","200","69SHOP.INPremium Marketplace","/","PASS","HTTP 200"
"/fashion.html","200","Back to shop","/shop.html","PASS","HTTP 200"
"/fashion.html","200","Appliances","/appliances.html","PASS","HTTP 200"
"/fashion.html","200","Mobiles","/mobiles.html","PASS","HTTP 200"
"/fashion.html","200","Headphones","/headphones.html","PASS","HTTP 200"
"/fashion.html","200","Electronics","/electronics.html","PASS","HTTP 200"
"/fashion.html","200","Fashion","/fashion.html","PASS","HTTP 200"
"/fashion.html","200","Beauty","/beauty.html","PASS","HTTP 200"
"/fashion.html","200","Sports","/sports.html","PASS","HTTP 200"
"/fashion.html","200","Grocery","/grocery.html","PASS","HTTP 200"
"/fashion.html","200","Books","/books.html","PASS","HTTP 200"
"/fashion.html","200","Home","/home-needs.html","PASS","HTTP 200"
"/fashion.html","200","PAGE SUMMARY: 12 unique links | 12 pass | 0 fail | 0 skip","/fashion.html","SUMMARY","Audit complete"
"/beauty.html","200","69SHOP.INPremium Marketplace","/","PASS","HTTP 200"
"/beauty.html","200","Back to shop","/shop.html","PASS","HTTP 200"
"/beauty.html","200","Appliances","/appliances.html","PASS","HTTP 200"
"/beauty.html","200","Mobiles","/mobiles.html","PASS","HTTP 200"
"/beauty.html","200","Headphones","/headphones.html","PASS","HTTP 200"
"/beauty.html","200","Electronics","/electronics.html","PASS","HTTP 200"
"/beauty.html","200","Fashion","/fashion.html","PASS","HTTP 200"
"/beauty.html","200","Beauty","/beauty.html","PASS","HTTP 200"
"/beauty.html","200","Sports","/sports.html","PASS","HTTP 200"
"/beauty.html","200","Grocery","/grocery.html","PASS","HTTP 200"
"/beauty.html","200","Books","/books.html","PASS","HTTP 200"
"/beauty.html","200","Home","/home-needs.html","PASS","HTTP 200"
"/beauty.html","200","PAGE SUMMARY: 12 unique links | 12 pass | 0 fail | 0 skip","/beauty.html","SUMMARY","Audit complete"
"/books.html","200","69SHOP.INPremium Marketplace","/","PASS","HTTP 200"
"/books.html","200","Back to shop","/shop.html","PASS","HTTP 200"
"/books.html","200","Appliances","/appliances.html","PASS","HTTP 200"
"/books.html","200","Mobiles","/mobiles.html","PASS","HTTP 200"
"/books.html","200","Headphones","/headphones.html","PASS","HTTP 200"
"/books.html","200","Electronics","/electronics.html","PASS","HTTP 200"
"/books.html","200","Fashion","/fashion.html","PASS","HTTP 200"
"/books.html","200","Beauty","/beauty.html","PASS","HTTP 200"
"/books.html","200","Sports","/sports.html","PASS","HTTP 200"
"/books.html","200","Grocery","/grocery.html","PASS","HTTP 200"
"/books.html","200","Books","/books.html","PASS","HTTP 200"
"/books.html","200","Home","/home-needs.html","PASS","HTTP 200"
"/books.html","200","PAGE SUMMARY: 12 unique links | 12 pass | 0 fail | 0 skip","/books.html","SUMMARY","Audit complete"
"/grocery.html","200","69SHOP.INPremium Marketplace","/","PASS","HTTP 200"
"/grocery.html","200","Back to shop","/shop.html","PASS","HTTP 200"
"/grocery.html","200","Appliances","/appliances.html","PASS","HTTP 200"
"/grocery.html","200","Mobiles","/mobiles.html","PASS","HTTP 200"
"/grocery.html","200","Headphones","/headphones.html","PASS","HTTP 200"
"/grocery.html","200","Electronics","/electronics.html","PASS","HTTP 200"
"/grocery.html","200","Fashion","/fashion.html","PASS","HTTP 200"
"/grocery.html","200","Beauty","/beauty.html","PASS","HTTP 200"
"/grocery.html","200","Sports","/sports.html","PASS","HTTP 200"
"/grocery.html","200","Grocery","/grocery.html","PASS","HTTP 200"
"/grocery.html","200","Books","/books.html","PASS","HTTP 200"
"/grocery.html","200","Home","/home-needs.html","PASS","HTTP 200"
"/grocery.html","200","PAGE SUMMARY: 12 unique links | 12 pass | 0 fail | 0 skip","/grocery.html","SUMMARY","Audit complete"
"/home-needs.html","200","69SHOP.INPremium Marketplace","/","PASS","HTTP 200"
"/home-needs.html","200","Back to shop","/shop.html","PASS","HTTP 200"
"/home-needs.html","200","Appliances","/appliances.html","PASS","HTTP 200"
"/home-needs.html","200","Mobiles","/mobiles.html","PASS","HTTP 200"
"/home-needs.html","200","Headphones","/headphones.html","PASS","HTTP 200"
"/home-needs.html","200","Electronics","/electronics.html","PASS","HTTP 200"
"/home-needs.html","200","Fashion","/fashion.html","PASS","HTTP 200"
"/home-needs.html","200","Beauty","/beauty.html","PASS","HTTP 200"
"/home-needs.html","200","Sports","/sports.html","PASS","HTTP 200"
"/home-needs.html","200","Grocery","/grocery.html","PASS","HTTP 200"
"/home-needs.html","200","Books","/books.html","PASS","HTTP 200"
"/home-needs.html","200","Home","/home-needs.html","PASS","HTTP 200"
"/home-needs.html","200","PAGE SUMMARY: 12 unique links | 12 pass | 0 fail | 0 skip","/home-needs.html","SUMMARY","Audit complete"
"/headphones.html","200","69SHOP.INPremium Marketplace","/","PASS","HTTP 200"
"/headphones.html","200","Back to shop","/shop.html","PASS","HTTP 200"
"/headphones.html","200","Appliances","/appliances.html","PASS","HTTP 200"
"/headphones.html","200","Mobiles","/mobiles.html","PASS","HTTP 200"
"/headphones.html","200","Headphones","/headphones.html","PASS","HTTP 200"
"/headphones.html","200","Electronics","/electronics.html","PASS","HTTP 200"
"/headphones.html","200","Fashion","/fashion.html","PASS","HTTP 200"
"/headphones.html","200","Beauty","/beauty.html","PASS","HTTP 200"
"/headphones.html","200","Sports","/sports.html","PASS","HTTP 200"
"/headphones.html","200","Grocery","/grocery.html","PASS","HTTP 200"
"/headphones.html","200","Books","/books.html","PASS","HTTP 200"
"/headphones.html","200","Home","/home-needs.html","PASS","HTTP 200"
"/headphones.html","200","PAGE SUMMARY: 12 unique links | 12 pass | 0 fail | 0 skip","/headphones.html","SUMMARY","Audit complete"
"/mobiles.html","200","69SHOP.INPremium Marketplace","/","PASS","HTTP 200"
"/mobiles.html","200","Back to shop","/shop.html","PASS","HTTP 200"
"/mobiles.html","200","Appliances","/appliances.html","PASS","HTTP 200"
"/mobiles.html","200","Mobiles","/mobiles.html","PASS","HTTP 200"
"/mobiles.html","200","Headphones","/headphones.html","PASS","HTTP 200"
"/mobiles.html","200","Electronics","/electronics.html","PASS","HTTP 200"
"/mobiles.html","200","Fashion","/fashion.html","PASS","HTTP 200"
"/mobiles.html","200","Beauty","/beauty.html","PASS","HTTP 200"
"/mobiles.html","200","Sports","/sports.html","PASS","HTTP 200"
"/mobiles.html","200","Grocery","/grocery.html","PASS","HTTP 200"
"/mobiles.html","200","Books","/books.html","PASS","HTTP 200"
"/mobiles.html","200","Home","/home-needs.html","PASS","HTTP 200"
"/mobiles.html","200","PAGE SUMMARY: 12 unique links | 12 pass | 0 fail | 0 skip","/mobiles.html","SUMMARY","Audit complete"
"/appliances.html","200","69SHOP.INPremium Marketplace","/","PASS","HTTP 200"
"/appliances.html","200","Back to shop","/shop.html","PASS","HTTP 200"
"/appliances.html","200","Appliances","/appliances.html","PASS","HTTP 200"
"/appliances.html","200","Mobiles","/mobiles.html","PASS","HTTP 200"
"/appliances.html","200","Headphones","/headphones.html","PASS","HTTP 200"
"/appliances.html","200","Electronics","/electronics.html","PASS","HTTP 200"
"/appliances.html","200","Fashion","/fashion.html","PASS","HTTP 200"
"/appliances.html","200","Beauty","/beauty.html","PASS","HTTP 200"
"/appliances.html","200","Sports","/sports.html","PASS","HTTP 200"
"/appliances.html","200","Grocery","/grocery.html","PASS","HTTP 200"
"/appliances.html","200","Books","/books.html","PASS","HTTP 200"
"/appliances.html","200","Home","/home-needs.html","PASS","HTTP 200"
"/appliances.html","200","PAGE SUMMARY: 12 unique links | 12 pass | 0 fail | 0 skip","/appliances.html","SUMMARY","Audit complete"
"/sports.html","200","69SHOP.INPremium Marketplace","/","PASS","HTTP 200"
"/sports.html","200","Back to shop","/shop.html","PASS","HTTP 200"
"/sports.html","200","Appliances","/appliances.html","PASS","HTTP 200"
"/sports.html","200","Mobiles","/mobiles.html","PASS","HTTP 200"
"/sports.html","200","Headphones","/headphones.html","PASS","HTTP 200"
"/sports.html","200","Electronics","/electronics.html","PASS","HTTP 200"
"/sports.html","200","Fashion","/fashion.html","PASS","HTTP 200"
"/sports.html","200","Beauty","/beauty.html","PASS","HTTP 200"
"/sports.html","200","Sports","/sports.html","PASS","HTTP 200"
"/sports.html","200","Grocery","/grocery.html","PASS","HTTP 200"
"/sports.html","200","Books","/books.html","PASS","HTTP 200"
"/sports.html","200","Home","/home-needs.html","PASS","HTTP 200"
"/sports.html","200","PAGE SUMMARY: 12 unique links | 12 pass | 0 fail | 0 skip","/sports.html","SUMMARY","Audit complete"
"/seller-login.html","200","69SHOP.IN Seller Hub","/","PASS","HTTP 200"
"/seller-login.html","200","Seller Terms","/docs/terms.html","PASS","HTTP 200"
"/seller-login.html","200","Privacy Policy","/docs/privacy.html","PASS","HTTP 200"
"/seller-login.html","200","Back to Shop","/shop.html","PASS","HTTP 200"
"/seller-login.html","200","Buyer Login","/shop-login.html","PASS","HTTP 200"
"/seller-login.html","200","Home","/index.html","PASS","HTTP 200"
"/seller-login.html","200","PAGE SUMMARY: 6 unique links | 6 pass | 0 fail | 0 skip","/seller-login.html","SUMMARY","Audit complete"
"/seller-dashboard.html","200","69SHOP.IN Seller Hub","/","PASS","HTTP 200"
"/seller-dashboard.html","200","Seller Terms","/docs/terms.html","PASS","HTTP 200"
"/seller-dashboard.html","200","Privacy Policy","/docs/privacy.html","PASS","HTTP 200"
"/seller-dashboard.html","200","Back to Shop","/shop.html","PASS","HTTP 200"
"/seller-dashboard.html","200","Buyer Login","/shop-login.html","PASS","HTTP 200"
"/seller-dashboard.html","200","Home","/index.html","PASS","HTTP 200"
"/seller-dashboard.html","200","PAGE SUMMARY: 6 unique links | 6 pass | 0 fail | 0 skip","/seller-dashboard.html","SUMMARY","Audit complete"
"/seller-products.html","200","69SHOP.IN Seller Hub","/","PASS","HTTP 200"
"/seller-products.html","200","Seller Terms","/docs/terms.html","PASS","HTTP 200"
"/seller-products.html","200","Privacy Policy","/docs/privacy.html","PASS","HTTP 200"
"/seller-products.html","200","Back to Shop","/shop.html","PASS","HTTP 200"
"/seller-products.html","200","Buyer Login","/shop-login.html","PASS","HTTP 200"
"/seller-products.html","200","Home","/index.html","PASS","HTTP 200"
"/seller-products.html","200","PAGE SUMMARY: 6 unique links | 6 pass | 0 fail | 0 skip","/seller-products.html","SUMMARY","Audit complete"
"/seller-orders.html","200","69SHOP.IN Seller Hub","/","PASS","HTTP 200"
"/seller-orders.html","200","Seller Terms","/docs/terms.html","PASS","HTTP 200"
"/seller-orders.html","200","Privacy Policy","/docs/privacy.html","PASS","HTTP 200"
"/seller-orders.html","200","Back to Shop","/shop.html","PASS","HTTP 200"
"/seller-orders.html","200","Buyer Login","/shop-login.html","PASS","HTTP 200"
"/seller-orders.html","200","Home","/index.html","PASS","HTTP 200"
"/seller-orders.html","200","PAGE SUMMARY: 6 unique links | 6 pass | 0 fail | 0 skip","/seller-orders.html","SUMMARY","Audit complete"
"/seller-analytics.html","200","69SHOP.IN Seller Hub","/","PASS","HTTP 200"
"/seller-analytics.html","200","Seller Terms","/docs/terms.html","PASS","HTTP 200"
"/seller-analytics.html","200","Privacy Policy","/docs/privacy.html","PASS","HTTP 200"
"/seller-analytics.html","200","Back to Shop","/shop.html","PASS","HTTP 200"
"/seller-analytics.html","200","Buyer Login","/shop-login.html","PASS","HTTP 200"
"/seller-analytics.html","200","Home","/index.html","PASS","HTTP 200"
"/seller-analytics.html","200","PAGE SUMMARY: 6 unique links | 6 pass | 0 fail | 0 skip","/seller-analytics.html","SUMMARY","Audit complete"
"/seller-messages.html","200","69SHOP.IN Seller Hub","/","PASS","HTTP 200"
"/seller-messages.html","200","Seller Terms","/docs/terms.html","PASS","HTTP 200"
"/seller-messages.html","200","Privacy Policy","/docs/privacy.html","PASS","HTTP 200"
"/seller-messages.html","200","Back to Shop","/shop.html","PASS","HTTP 200"
"/seller-messages.html","200","Buyer Login","/shop-login.html","PASS","HTTP 200"
"/seller-messages.html","200","Home","/index.html","PASS","HTTP 200"
"/seller-messages.html","200","PAGE SUMMARY: 6 unique links | 6 pass | 0 fail | 0 skip","/seller-messages.html","SUMMARY","Audit complete"
"/seller-payments.html","200","69SHOP.IN Seller Hub","/","PASS","HTTP 200"
"/seller-payments.html","200","Seller Terms","/docs/terms.html","PASS","HTTP 200"
"/seller-payments.html","200","Privacy Policy","/docs/privacy.html","PASS","HTTP 200"
"/seller-payments.html","200","Back to Shop","/shop.html","PASS","HTTP 200"
"/seller-payments.html","200","Buyer Login","/shop-login.html","PASS","HTTP 200"
"/seller-payments.html","200","Home","/index.html","PASS","HTTP 200"
"/seller-payments.html","200","PAGE SUMMARY: 6 unique links | 6 pass | 0 fail | 0 skip","/seller-payments.html","SUMMARY","Audit complete"
"/seller-promotions.html","200","69SHOP.IN Seller Hub","/","PASS","HTTP 200"
"/seller-promotions.html","200","Seller Terms","/docs/terms.html","PASS","HTTP 200"
"/seller-promotions.html","200","Privacy Policy","/docs/privacy.html","PASS","HTTP 200"
"/seller-promotions.html","200","Back to Shop","/shop.html","PASS","HTTP 200"
"/seller-promotions.html","200","Buyer Login","/shop-login.html","PASS","HTTP 200"
"/seller-promotions.html","200","Home","/index.html","PASS","HTTP 200"
"/seller-promotions.html","200","PAGE SUMMARY: 6 unique links | 6 pass | 0 fail | 0 skip","/seller-promotions.html","SUMMARY","Audit complete"
"/seller-reviews.html","200","69SHOP.IN Seller Hub","/","PASS","HTTP 200"
"/seller-reviews.html","200","Seller Terms","/docs/terms.html","PASS","HTTP 200"
"/seller-reviews.html","200","Privacy Policy","/docs/privacy.html","PASS","HTTP 200"
"/seller-reviews.html","200","Back to Shop","/shop.html","PASS","HTTP 200"
"/seller-reviews.html","200","Buyer Login","/shop-login.html","PASS","HTTP 200"
"/seller-reviews.html","200","Home","/index.html","PASS","HTTP 200"
"/seller-reviews.html","200","PAGE SUMMARY: 6 unique links | 6 pass | 0 fail | 0 skip","/seller-reviews.html","SUMMARY","Audit complete"
"/seller-services.html","200","69SHOP.IN Seller Hub","/","PASS","HTTP 200"
"/seller-services.html","200","Seller Terms","/docs/terms.html","PASS","HTTP 200"
"/seller-services.html","200","Privacy Policy","/docs/privacy.html","PASS","HTTP 200"
"/seller-services.html","200","Back to Shop","/shop.html","PASS","HTTP 200"
"/seller-services.html","200","Buyer Login","/shop-login.html","PASS","HTTP 200"
"/seller-services.html","200","Home","/index.html","PASS","HTTP 200"
"/seller-services.html","200","PAGE SUMMARY: 6 unique links | 6 pass | 0 fail | 0 skip","/seller-services.html","SUMMARY","Audit complete"
"/seller-settings.html","200","69SHOP.IN Seller Hub","/","PASS","HTTP 200"
"/seller-settings.html","200","Seller Terms","/docs/terms.html","PASS","HTTP 200"
"/seller-settings.html","200","Privacy Policy","/docs/privacy.html","PASS","HTTP 200"
"/seller-settings.html","200","Back to Shop","/shop.html","PASS","HTTP 200"
"/seller-settings.html","200","Buyer Login","/shop-login.html","PASS","HTTP 200"
"/seller-settings.html","200","Home","/index.html","PASS","HTTP 200"
"/seller-settings.html","200","PAGE SUMMARY: 6 unique links | 6 pass | 0 fail | 0 skip","/seller-settings.html","SUMMARY","Audit complete"
"/seller-verification.html","200","69SHOP.IN Seller Hub","/","PASS","HTTP 200"
"/seller-verification.html","200","Seller Terms","/docs/terms.html","PASS","HTTP 200"
"/seller-verification.html","200","Privacy Policy","/docs/privacy.html","PASS","HTTP 200"
"/seller-verification.html","200","Back to Shop","/shop.html","PASS","HTTP 200"
"/seller-verification.html","200","Buyer Login","/shop-login.html","PASS","HTTP 200"
"/seller-verification.html","200","Home","/index.html","PASS","HTTP 200"
"/seller-verification.html","200","PAGE SUMMARY: 6 unique links | 6 pass | 0 fail | 0 skip","/seller-verification.html","SUMMARY","Audit complete"
"/admin-login.html","200","Back to Main Site","/index.html","PASS","HTTP 200"
"/admin-login.html","200","Buyer Login","/shop-login.html","PASS","HTTP 200"
"/admin-login.html","200","Seller Login","/seller-login.html","PASS","HTTP 200"
"/admin-login.html","200","PAGE SUMMARY: 3 unique links | 3 pass | 0 fail | 0 skip","/admin-login.html","SUMMARY","Audit complete"
"/admin-dashboard.html","200","Back to Main Site","/index.html","PASS","HTTP 200"
"/admin-dashboard.html","200","Buyer Login","/shop-login.html","PASS","HTTP 200"
"/admin-dashboard.html","200","Seller Login","/seller-login.html","PASS","HTTP 200"
"/admin-dashboard.html","200","PAGE SUMMARY: 3 unique links | 3 pass | 0 fail | 0 skip","/admin-dashboard.html","SUMMARY","Audit complete"
"/admin-products.html","200","Back to Main Site","/index.html","PASS","HTTP 200"
"/admin-products.html","200","Buyer Login","/shop-login.html","PASS","HTTP 200"
"/admin-products.html","200","Seller Login","/seller-login.html","PASS","HTTP 200"
"/admin-products.html","200","PAGE SUMMARY: 3 unique links | 3 pass | 0 fail | 0 skip","/admin-products.html","SUMMARY","Audit complete"
"/admin-orders.html","200","Back to Main Site","/index.html","PASS","HTTP 200"
"/admin-orders.html","200","Buyer Login","/shop-login.html","PASS","HTTP 200"
"/admin-orders.html","200","Seller Login","/seller-login.html","PASS","HTTP 200"
"/admin-orders.html","200","PAGE SUMMARY: 3 unique links | 3 pass | 0 fail | 0 skip","/admin-orders.html","SUMMARY","Audit complete"
"/admin-sellers.html","200","Back to Main Site","/index.html","PASS","HTTP 200"
"/admin-sellers.html","200","Buyer Login","/shop-login.html","PASS","HTTP 200"
"/admin-sellers.html","200","Seller Login","/seller-login.html","PASS","HTTP 200"
"/admin-sellers.html","200","PAGE SUMMARY: 3 unique links | 3 pass | 0 fail | 0 skip","/admin-sellers.html","SUMMARY","Audit complete"
"/admin-users.html","200","Back to Main Site","/index.html","PASS","HTTP 200"
"/admin-users.html","200","Buyer Login","/shop-login.html","PASS","HTTP 200"
"/admin-users.html","200","Seller Login","/seller-login.html","PASS","HTTP 200"
"/admin-users.html","200","PAGE SUMMARY: 3 unique links | 3 pass | 0 fail | 0 skip","/admin-users.html","SUMMARY","Audit complete"
"/admin-analytics.html","200","Back to Main Site","/index.html","PASS","HTTP 200"
"/admin-analytics.html","200","Buyer Login","/shop-login.html","PASS","HTTP 200"
"/admin-analytics.html","200","Seller Login","/seller-login.html","PASS","HTTP 200"
"/admin-analytics.html","200","PAGE SUMMARY: 3 unique links | 3 pass | 0 fail | 0 skip","/admin-analytics.html","SUMMARY","Audit complete"
"/admin-settings.html","200","Back to Main Site","/index.html","PASS","HTTP 200"
"/admin-settings.html","200","Buyer Login","/shop-login.html","PASS","HTTP 200"
"/admin-settings.html","200","Seller Login","/seller-login.html","PASS","HTTP 200"
"/admin-settings.html","200","PAGE SUMMARY: 3 unique links | 3 pass | 0 fail | 0 skip","/admin-settings.html","SUMMARY","Audit complete"
"/admin-activity.html","200","Back to Main Site","/index.html","PASS","HTTP 200"
"/admin-activity.html","200","Buyer Login","/shop-login.html","PASS","HTTP 200"
"/admin-activity.html","200","Seller Login","/seller-login.html","PASS","HTTP 200"
"/admin-activity.html","200","PAGE SUMMARY: 3 unique links | 3 pass | 0 fail | 0 skip","/admin-activity.html","SUMMARY","Audit complete"
"/offline.html","200","Home","/","PASS","HTTP 200"
"/offline.html","200","Shop","/shop.html","PASS","HTTP 200"
"/offline.html","200","Profile","/profile.html","PASS","HTTP 200"
"/offline.html","200","Search","/search.html","PASS","HTTP 200"
"/offline.html","200","Services","/services.html","PASS","HTTP 200"
"/offline.html","200","Chat","/messages.html","PASS","HTTP 200"
"/offline.html","200","PAGE SUMMARY: 6 unique links | 6 pass | 0 fail | 0 skip","/offline.html","SUMMARY","Audit complete"
